,prc_energy,xgb_energy,ols_energy,ridge_energy,lasso_energy
h_1,3.4889181466361996,4.766152047658909,3.3314702295621155,3.835046628231574,3.7122844232854666
h_2,4.993943380019057,5.722805737738392,4.944986223927973,5.372019246596238,5.168971894263998
h_3,6.039752729893528,6.6571553080381705,6.269530857730388,6.069337716835254,5.913816575956649
