,prc_food,lasso_food,xgb_food,ols_food,ridge_food
h_1,0.7158016305008413,1.00559664182884,1.8621628405715902,0.8906459337968258,0.7029883687415437
h_2,1.1553727338333732,1.203757081856733,2.4678418709960046,1.4793758915579724,0.9209854703080752
h_3,1.5961596074443745,1.3719321802683158,2.438005833126214,2.0047025223038473,1.0499789542925984
