,prc_food,xgb_food,ols_food,ridge_food,lasso_food,cb_ridge_prc_food,cb_ridge_prc_lasso_food,cb_ridge_lasso_food
h_1,0.7158016305008413,1.8621628405715902,0.8906459337968258,0.7029883687415434,1.00559664182884,0.6808224284157426,0.7577811896521922,0.8274583964925042
h_2,1.1553727338333732,2.4678418709960046,1.4793758915579724,0.9209854703080752,1.203757081856733,0.9769557925825382,1.031246149610645,1.0392503403318885
h_3,1.5961596074443745,2.438005833126214,2.0047025223038473,1.0499789542925984,1.3719321802683158,1.248999121137118,1.2701485462802355,1.1920790994586656
