,prc_neig,ridge_neig,lasso_neig,xgb_neig,ols_neig
h_1,0.5666848861488682,0.58229480794593,0.8735308143451194,1.225696858874485,0.5983252361090404
h_2,0.8784298790545563,0.6527984495208058,0.9296292604507121,1.4519154548477244,0.8740768811407272
h_3,1.051902949675736,0.7205192241607158,0.9504977747131068,1.2574516908219668,1.0710620733831246
