,prc_neig,ridge_neig,lasso_neig,xgb_neig,cb_ridge_lasso_neig,cb_ridge_pcr_neig,cb_ridge_prc_lasso_neig,ar_1_neig
h_1,0.5589196414686629,0.5790691275096749,0.8687082558551599,1.4431802890102234,0.6908047897053825,0.5790691275096749,0.622349360562212,0.5983252361090404
h_2,0.8680567488441284,0.560750162031714,0.9330366915960345,1.7012283977975118,0.6726544172144485,0.560750162031714,0.7095279826438283,0.8740768811407272
h_3,1.0346735996617225,0.6658072535047911,0.9487531870521985,1.4311550531876316,0.7757211695722219,0.6658072535047911,0.8376318411129395,1.0710620733831246
