,prc_neig,xgb_neig,ols_neig,ridge_neig,lasso_neig
h_1,0.5666848861488682,1.225696858874485,0.5983252361090404,0.58229480794593,0.8735308143451194
h_2,0.8784298790545563,1.4519154548477244,0.8740768811407272,0.6527984495208058,0.9296292604507121
h_3,1.051902949675736,1.2574516908219668,1.0710620733831246,0.7205192241607158,0.9504977747131068
