,prc_services,xgb_services,ols_services,ridge_services,lasso_services,cb_ridge_prc_services,cb_ridge_prc_lasso_services,cb_ridge_lasso_services
h_1,0.5935097203570808,0.6867911166229559,0.6483255456475437,0.7054945929931593,0.6761874741453127,0.6174039829380179,0.6223596554089603,0.6784979563863605
h_2,0.6438852056348779,0.6948665787303423,0.6971950395633331,0.6902588929035673,0.673012402274162,0.6261738090173122,0.631381032980445,0.678369787869973
h_3,0.7293263741428242,0.7026177050109397,0.8333178960347892,0.7362918601695737,0.7202050413235936,0.6857534737297897,0.6856250926121721,0.7217250796201697
