,ar_110,ar_ols,prc,xgb,ols,ridge,lasso
h_1,0.6263846500329399,0.6963702394672786,0.5897982399466483,1.1547901513705292,1.5279956240068926,0.6282420126035483,0.6442307675004358
h_2,0.8831245891499063,1.0758710610953506,0.8506218198503652,1.4231820324240245,1.4998719514453662,0.7506421553030017,0.7795432418022752
h_3,1.1167685836017653,1.4315664948417037,1.0586174731337763,1.4849276871559471,1.6579732569013692,0.8562194261358925,0.9294742009552639
