,ar_110,ar_ols,ols,prc,xgb,ridge,lasso,cb_ridge_prc,cb_ridge_prc_lasso,cb_ridge_lasso,xgb_pca
h_1,0.6263846500329399,0.6963702394672786,0.6662861050208534,0.5897982399466483,1.1547901513705292,0.6282420126035483,0.6442307675004358,0.5905409314331379,0.592990218732821,0.6167398603236303,0.9629220719922797
h_2,0.8831245891499063,1.0758710610953506,1.013741987964484,0.8506218198503652,1.4231820324240245,0.7506421553030017,0.7795432418022752,0.772864197161657,0.7672396077148587,0.7547506510882895,1.1447853935369319
h_3,1.1167685836017653,1.4315664948417037,1.3374572735725252,1.0586174731337763,1.4849276871559471,0.8562194261358925,0.9294742009552639,0.9207810110503066,0.9171736131088697,0.8812448176444676,1.3297172843713347
