{"learning_rate": 0.25063018647835344, "max_depth": 7, "gamma": 2.3085991408779982, "min_child_weight": 2.664312698056923, "lambda": 0.8064564098635844, "alpha": 0.8549074087905069, "subsample": 0.5479457510028287, "colsample_bytree": 0.6714478960842852}