{"learning_rate": 0.2989650807216908, "max_depth": 3, "gamma": 0.753479623500688, "lambda": 0.21469873356642052, "alpha": 0.32571184281025073}