{"learning_rate": 0.19490964240786607, "max_depth": 7, "gamma": 3.041600322783627, "min_child_weight": 0.8731482622917586, "lambda": 0.4435488958462759, "alpha": 0.1869171889144491, "subsample": 0.5571894443063388, "colsample_bytree": 0.5325941561158111}