{"learning_rate": 0.25540108934979866, "max_depth": 10, "gamma": 6.923631113359185, "lambda": 0.36386603036645715, "alpha": 0.45913895016979556}