{"learning_rate": 0.2984922009072684, "max_depth": 3, "gamma": 5.6443391759276125, "lambda": 0.12096150875962298, "alpha": 4.617872002970808}