{"learning_rate": 0.26859755430914095, "max_depth": 9, "gamma": 6.9017286507518385, "lambda": 0.7630344456248424, "alpha": 3.038588232889386}