{"learning_rate": 0.2593153627044309, "max_depth": 9, "gamma": 1.9320034034976263, "min_child_weight": 4.69397446004815, "lambda": 0.21109638742634262, "alpha": 1.0017733174195698, "subsample": 0.5902650192038299, "colsample_bytree": 0.5485658510635859}