{"learning_rate": 0.28259085802072714, "max_depth": 3, "gamma": 8.523294501839963, "lambda": 0.6284863205970329, "alpha": 1.1808069507529018}