{"learning_rate": 0.28272808259545396, "max_depth": 3, "gamma": 7.983455325086615, "min_child_weight": 0.06570894495042678, "lambda": 0.03282046422813015, "alpha": 9.926101618266468, "subsample": 0.7089234750682487, "colsample_bytree": 0.8223854104045832}