{"learning_rate": 0.26105330877018584, "max_depth": 8, "gamma": 4.551558273197484, "lambda": 0.3555840846946499, "alpha": 0.6855675647623016}