{"learning_rate": 0.2835693834031076, "max_depth": 6, "gamma": 5.728253196210631, "min_child_weight": 3.728797557935274, "lambda": 0.8256338741277957, "alpha": 7.414005453365783, "subsample": 0.7596467257531122, "colsample_bytree": 0.9647734253491085}