{"learning_rate": 0.2852433146567241, "max_depth": 10, "gamma": 5.672497853180768, "min_child_weight": 5.694185982993002, "lambda": 0.7142887900879769, "alpha": 7.1073543030080675, "subsample": 0.8247610122977538, "colsample_bytree": 0.7267266844416661}