{"learning_rate": 0.13319086258296994, "max_depth": 10, "gamma": 2.677107252053764, "min_child_weight": 6.71000072125236, "lambda": 0.32148464120731035, "alpha": 0.5461041259166489, "subsample": 0.5956704370337707, "colsample_bytree": 0.9387682337537872}