{"learning_rate": 0.24449229163047695, "max_depth": 5, "gamma": 0.0033496875651738856, "lambda": 0.16920021483237702, "alpha": 8.210701896091361}