{"learning_rate": 0.26809788941190604, "max_depth": 9, "gamma": 2.3657190625724263, "lambda": 0.8502809634615534, "alpha": 3.8964643017289173}