{"learning_rate": 0.13857523030115057, "max_depth": 9, "gamma": 0.005986220485282136, "lambda": 0.8234744443305149, "alpha": 5.616861080241582}