{"learning_rate": 0.2945828899128405, "max_depth": 10, "gamma": 4.982177575245885, "lambda": 0.5930499222536828, "alpha": 4.2603526509306295}