{"learning_rate": 0.2710239465323891, "max_depth": 10, "gamma": 8.133632741758996, "min_child_weight": 9.999817004556244, "lambda": 0.06363705250592382, "alpha": 1.1546470661271375, "subsample": 0.9997724100622326, "colsample_bytree": 0.6479429531960202}