{"learning_rate": 0.28595879534569574, "max_depth": 6, "gamma": 0.01672308113796861, "min_child_weight": 6.586639961783404, "lambda": 0.16420450746626034, "alpha": 1.5453513970725188, "subsample": 0.6760208265395157, "colsample_bytree": 0.6427183438363634}