{"learning_rate": 0.281194232025623, "max_depth": 7, "gamma": 0.007018640449015933, "lambda": 0.1946028259692811, "alpha": 6.0545831299513155}