{"learning_rate": 0.2642581097115466, "max_depth": 9, "gamma": 5.978573029496209, "min_child_weight": 7.858333807444994, "lambda": 0.3741051297657025, "alpha": 5.153732786067629, "subsample": 0.6732423562558683, "colsample_bytree": 0.6743807728334013}