{"learning_rate": 0.27769181094917067, "max_depth": 9, "gamma": 2.3216746677965183, "min_child_weight": 3.8134758039058854, "lambda": 0.5393257732250776, "alpha": 1.2064683000207084, "subsample": 0.9822091743519866, "colsample_bytree": 0.6923438042728163}