{"learning_rate": 0.29469102467651576, "max_depth": 9, "gamma": 3.493342964473227, "lambda": 0.11214545082443947, "alpha": 0.017257641222347353}