{"learning_rate": 0.27059714927214185, "max_depth": 5, "gamma": 1.10802219390752, "min_child_weight": 0.1656271964082337, "lambda": 0.9042866367085463, "alpha": 2.7725391809560023, "subsample": 0.6040708022749655, "colsample_bytree": 0.7841743389896032}